{"cameraMode":{"drawMode":0,"name":"Shaded","section":"Shading Mode"},"sceneLighting":false,"audioPlay":false,"sceneViewState":{"showFog":true,"showMaterialUpdate":false,"showSkybox":true,"showFlares":true,"showImageEffects":true,"showParticleSystems":true},"in2DMode":false,"pivot":{"x":4.631438255310059,"y":-3.5803463459014894,"z":24.51638412475586},"rotation":{"x":0.0943593829870224,"y":0.0014932237099856139,"z":-0.00014155477401800454,"w":0.995538055896759},"size":48.11155700683594,"orthographic":false}