{"cameraMode":{"drawMode":0,"name":"Shaded","section":"Shading Mode"},"sceneLighting":false,"audioPlay":false,"sceneViewState":{"showFog":true,"showMaterialUpdate":false,"showSkybox":true,"showFlares":true,"showImageEffects":true,"showParticleSystems":true},"in2DMode":false,"pivot":{"x":6.60499906539917,"y":-4.049798011779785,"z":11.699999809265137},"rotation":{"x":0.0943593829870224,"y":0.0014932237099856139,"z":-0.00014155477401800454,"w":0.995538055896759},"size":34.47464370727539,"orthographic":false}