{"cameraMode":{"drawMode":0,"name":"Shaded","section":"Shading Mode"},"sceneLighting":false,"audioPlay":false,"sceneViewState":{"showFog":true,"showMaterialUpdate":false,"showSkybox":false,"showFlares":true,"showImageEffects":true,"showParticleSystems":true},"in2DMode":false,"pivot":{"x":-2.5950005054473879,"y":-0.37999916076660159,"z":11.286677360534668},"rotation":{"x":0.0943593829870224,"y":0.0014932237099856139,"z":-0.00014155477401800454,"w":0.995538055896759},"size":29.205562591552736,"orthographic":false}